Código;Cant. por caja
010342;100
010442;100
010542;100
011921;100
100;100
10000801;10
10000802;10
10000803;10
10000804;10
10000805;10
10002001;10
10002002;10
10002003;10
10002004;10
10002005;10
1000424;10
1000425;10
10010800;10
10010801;10
10010802;10
10010803;10
10010804;10
10010805;10
10012001;10
10012002;10
10012003;10
10012004;10
10012005;10
10012006;10
100121;100
100122;100
100123;100
100124;100
100125;100
100126;100
100127;100
100141;100
100142;100
1001423;10
1001424;10
1001425;10
100143;100
100144;100
100145;100
10020200;10
10020201;10
10020202;10
10020203;10
10020204;10
10020205;10
10020400;10
10020401;10
10020402;10
10020403;10
10020404;10
10020405;10
100221;100
100222;100
100223;100
100224;100
100225;100
100226;100
100227;100
10023500;10
10023501;10
10023502;10
10023503;10
10023504;10
10023505;10
100241;100
100243;100
100244;100
100246;100
10030200;10
10030201;10
10030202;10
10030203;10
10030204;10
10030205;10
10030206;10
10030400;10
10030401;10
10030402;10
10030403;10
10030404;10
10030405;10
10030406;10
100321;100
100322;100
100323;100
100324;100
100325;100
100326;100
100327;100
10033500;10
10033501;10
10033502;10
10033503;10
10033504;10
10033505;10
10033506;10
100341;100
100342;100
100343;100
100344;100
100345;100
10040200;15
10040201;15
10040202;15
10040203;15
10040204;15
10040205;15
10040206;15
10040400;30
10040401;15
10040402;15 / 30
10040403;15
10040404;15 / 30
10040405;15
10040406;30
10040501;15
10040502;15
10040503;15
10040504;15
10040505;15
10040506;15
100411;100
100412;100
100421;100
100422;100
100423;100
100424;100
100425;100
100426;100
100427;100
100441;100
100442;100
100443;100
100444;100
100445;100
100446;100
10050200;15
10050201;15
10050202;15
10050203;15
10050205;15
10050206;15
10050400;15
10050401;15
10050402;15
10050403;15
10050404;15
10050405;15
10050406;15
10050500;15
10050501;15
10050502;15
10050503;15
10050504;15
10050505;15
10050506;15
100521;100
100522;100
100523;100
100524;100
100525;100
100526;100
100527;100
100541;100
100542;100
100543;100
100544;100
100545;100
100621;100
100622;100
100623;100
100624;100
100625;100
100642;100
100644;100
100721;100
100722;100
100723;100
100724;100
100725;100
100726;100
100741;100
100742;100
100743;100
100744;100
100745;100
100821;100
100822;100
100823;100
100824;100
100825;100
100826;100
100921;100
100922;100
100923;100
100924;100
100925;100
100926;100
101;100
101021;100
101022;100
101023;100
101024;100
101025;100
101026;100
101041;100
101042;100
101043;100
101044;100
101121;100
101122;100
101123;100
101124;100
101125;100
101126;100
101221;100
101222;100
101223;100
101224;100
101225;100
101226;100
101241;100
101242;100
101243;100
101421;100
101422;100
101423;100
101424;100
101425;100
101426;100
101427;100
101725;100
101921;100
101922;100
101923;100
101924;100
101925;100
101926;100000
1020325;10
1020424;10
1020425;10
1020524;10
1020525;10
102125;100
102221;100
102222;100
102223;100
102224;100
102225;100
102226;100
102323;100
102324;100
102325;100
102423;100
102523;100
102524;100
102525;100
1030321;10
1030322;10
1030323;10
1030324;10
1030325;10
1030421;10
1030422;10
1030423;10
1030424;10
1030425;10
1030521;10
1030522;10
1030523;10
1030524;10
1030525;10
1040421;10
1040422;10
1040423;10
1040424;10
1040425;10
1040426;10
1040521;10
1040522;10
1040523;10
1040524;10
1040525;10
1040526;10
1041421;10
1041422;10
1041423;10 / 70
1041424;10
1041425;10
1041426;10
1043521;10
1043522;10
1043523;10
1043524;10
1043525;10
1043526;10
1050421;10
1050422;10
1050423;10
1050424;10
1050425;10
1050426;10
1050521;10
1050522;10
1050523;10
1050524;10
1050525;10
1050526;10
1051421;10
1051422;10
1051423;10
1051424;10
1051425;10
1051426;10
1053521;10
1053522;10
1053523;10
1053524;10
1053525;10
1053526;10
1070420;20
1070421;20
1070422;20
1070423;20
1070424;20
1070425;20
1070426;20
1070427;20
1070520;20
1070521;20
1070522;20
1070523;20
1070524;20
1070525;20
1070526;20
1070527;20
1080440;30
1080442;30
1080444;30
1080446;30
1080448;30
1080450;30
1080452;30
1080454;30
1080456;30
1080458;30
1080460;30
1080540;30
1080542;30
1080544;30
1080546;30
1080548;30
1080550;30
1080552;30
1080554;30
1080556;30
1080558;30
1080560;30
1080940;30
1080942;30
1080944;30
1080946;30
1080948;30
1080950;30
1080952;30
1080954;30
1080956;30
1080958;30
1080960;30
1090436;30
1090438;30
1090440;30
1090442;30
1090444;30
1090446;30
1090448;30
1090450;30
1090452;30
1090454;30
1090536;30
1090538;30
1090540;30
1090542;30
1090544;30
1090546;30
1090548;30
1090550;30
1090552;30
1090554;30
110;100
11000800;15
11000801;15
11000802;15
11000803;15
11000804;15
11000805;15
1100121;50
1100122;50
1100123;50
1100124;50
1100125;50
1100126;50
11001400;15
11001401;15
11001402;15
11001403;15
11001404;15
11001405;15
1100221;50
1100222;50
1100223;50
1100224;50
1100225;50
1100421;50
1100422;50
1100423;50
1100424;50
1100425;50
1100426;50
11010800;15
11010801;15
11010802;15
11010803;15
11010804;15
11010805;15
11010806;15
11011400;15
11011401;15
11011402;15
11011403;15
11011404;15
11011405;15
110121;100
110122;100
110123;100
110124;100
110125;100
110126;100
110127;100
11020400;15
11020401;15
11020402;15
11020403;15
11020404;15
11020405;15
11020500;15
11020501;15
11020502;15
11020503;15
11020504;15
11020505;15
110221;100
110222;100
110223;100
110224;100
110225;100
110226;100
110227;100
11030400;15
11030401;15
11030402;15
11030403;15
11030404;15
11030405;15
11030406;15
11030500;15
11030501;15
11030502;15
11030503;15
11030504;15
11030505;15
11030506;15
110321;100
110322;100
110323;100
110324;100
110325;100
110326;100
110327;100
11040500;20
11040501;20
11040502;20
11040503;20
11040504;20
11040505;20
110421;100
110422;100
110423;100
110424;100
110425;100
110426;100
110427;100
11050500;20
11050501;20
11050502;20
11050503;20
11050504;20
11050505;20
110521;100
110522;100
110523;100
110524;100
110525;100
110526;100
110527;100
11061400;10
11061401;10
11061402;10
11061403;10
11061404;10
11061405;10
110621;100
110622;100
110623;100
110624;100
110625;100
110626;100
11063500;10
11063501;10
11063502;10
11063503;10
11063504;10
11063505;10
11071400;10
11071401;10
11071402;10
11071403;10
11071404;10
11071405;10
11071406;10
110721;100
110722;100
110723;100
110724;100
110725;100
110726;100
110727;100
11073500;10
11073501;10
11073502;10
11073503;10
11073504;10
11073505;10
11073506;10
110821;100
110822;100
110823;100
110824;100
110825;100
110826;100
110921;100
110922;100
110923;100
110924;100
110925;100
110926;100
111021;100
111022;100
111023;100
111024;100
111025;100
111026;100
111221;100
111222;100
111223;100
111224;100
111225;100
1114022;40
1114023;40
1114024;40
1114025;40
1114026;40
111421;100
111422;100
111423;100
111424;100
111425;100
111721;100
111722;100
111723;100
111724;100
111725;100
1121021;20
1121022;20
1121023;20
1121024;20
1121025;20
113;100
1130421;40
1130422;40
1130423;40
1130424;40
1130425;40
1130426;40
1140221;15
1140222;15
1140223;15
1140224;15
1140225;15
1140226;15
1140421;15
1140422;15
1140423;15
1140424;15
1140425;15
1140426;15
1140821;15
1140822;15
1140823;15
1140824;15
1140825;15
1140826;15
1140921;15
1140922;15
1140923;15
1140924;15
1140925;15
1140926;15
1150421;25
1150422;25
1150423;25
1150424;25
1150425;25
1150426;25
1150427;25
1150521;25
1150522;25
1150523;25
1150524;25
1150525;25
1150526;25
1150527;25
1153421;25
1153422;25
1153423;25
1153424;25
1153425;25
1153426;25
1154021;25
1154022;25
1154023;25
1154024;25
1154025;25
1154026;25
1160421;25
1160422;25
1160423;25
1160424;25
1160425;25
1160426;25
1160427;25
1161421;25
1161422;25
1161423;25
1161424;25
1161425;25
1161426;25
1161427;25
1170421;20
1170422;20
1170423;20
1170424;20
1170425;20
1170426;20
1180321;50
1180322;50
1180323;50
1180324;50
1180325;50
1183121;50
1183122;50
1183123;50
1183124;50
1183125;50
1183221;50
1183222;50
1183223;50
1183224;50
1183225;50
1183226;50
1190321;25
1190322;25
1190323;25
1190324;25
1190325;25
1190326;25
1193121;25
1193122;25
1193123;25
1193124;25
1193125;25
1193221;25
1193222;25
1193223;25
1193224;25
1193225;25
1193226;100000
1200221;50
1200222;50
1200223;50
1200224;50
1200225;50
1200226;50
1200321;50
1200322;50
1200323;50
1200324;50
1200325;50
1200326;50
1200421;50
1200422;50
1200423;50
1200424;50
1200425;50
1200426;50
1200521;50
1200522;50
1200523;50
1200524;50
1200525;50
1200526;50
1200821;50
1200822;50
1200823;50
1200824;50
1200825;50
1200826;50
1201021;50
1201022;50
1201023;50
1201024;50
1201025;50
1201026;50
1203221;50
1203222;50
1203223;50
1203224;50
1203225;50
1203226;50
1210321;25
1210322;25
1210323;25
1210324;25
1210325;25
1210326;25
1210421;25
1210422;25
1210423;25
1210424;25
1210425;25
1210426;25
1211021;25
1211022;25
1211023;25
1211024;25
1211025;25
1211026;25
1223321;25
1223322;25
1223323;25
1223324;25
1223325;25
1223326;25
1240320;50
1240321;50
1240322;50
1240323;50 / 100
1240324;50
1240325;50
1240326;50
1240327;50
1240420;50
1240421;50
1240422;50
1240423;50
1240424;50
1240425;50
1240426;50
1240427;50
1241020;50 / 100
1241021;50
1241022;50
1241023;50
1241024;50
1241025;50 / 100
1241027;50
1260320;25
1260321;25
1260322;25
1260323;25
1260324;25
1260325;25
1260326;25
1260327;25
1260420;25
1260421;25
1260422;25
1260423;25
1260424;25
1260425;25
1260426;25
1260427;25
1263120;25
1263121;25
1263122;25
1263123;25
1263124;25
1263125;25
1263126;25
1263127;25
1263220;25
1263221;25
1263222;25
1263223;25 / 50
1263224;25
1263225;25
1263226;25
1263227;25
1300221;40
1300222;40
1300223;40
1300224;40
1300225;40
1300226;40
1300321;40
1300322;40
1300323;40
1300324;40
1300325;40
1300326;40
1300421;40
1300422;40
1300423;40
1300424;40
1300425;40
13004401;20
13004402;20
13004403;20
13004404;20
13004405;20
13004406;20
13004500;20
13004501;20
13004502;20
13004503;20
13004504;20
13004505;20
13004506;20
1300525;40
1300621;40
1300622;40
1300623;40
1300624;40
1300625;40
1300626;40
1300721;40
1300722;40
1300723;40
1300724;40
1300725;40
1300726;40
1300821;40
1300822;40
1300823;40
1300824;40
1300825;40
1300826;40
1301021;40
1301022;40
1301023;40
1301024;40
1301025;40
1301026;40
13010400;10
13010401;10
13010402;10
13010403;10
13010404;10
13010405;10
13010500;10
13010501;10
13010502;10
13010503;10
13010504;10
13010505;10
13010506;20
13011400;10
13011401;10
13011402;10
13011403;10
13011404;10
13011405;10
13020400;10
13020401;10
13020402;10
13020403;10
13020404;10
13020405;10
13020406;10
13020500;10
13020501;10
13020502;10
13020503;10
13020504;10
13020505;10
13020506;10
13021400;10
13021401;10
13021402;10
13021403;10
13021404;10
13021405;10
13021406;10
13030400;10
13030401;10
13030402;10
13030403;10
13030404;10
13030405;10
13030500;10
13030501;10
13030502;10
13030503;10
13030504;10
13030505;10
13030700;10
13030701;10
13030702;10
13030703;10
13030704;10
13030705;10
130321;100
130322;100
130323;100
130324;100
130325;100
13033500;10
13033501;10
13033502;10
13033503;10 / 20
13033504;10
13033505;10
13040400;10
13040401;10
13040402;10
13040403;10
13040404;10
13040405;10
13040406;10
13040500;10
13040501;10
13040502;10
13040503;10
13040504;10
13040505;10
13040506;10
13040700;10
13040701;10
13040702;10
13040703;10
13040704;10
13040705;10
13040706;10
130421;100
130424;100
13043500;10
13043501;10
13043502;10
13043503;10
13043504;10
13043505;10
13043506;10
13050700;20
13050701;20
13050702;20
13050703;20
13050704;20
13050705;20
13051200;20
13051201;20
13051202;20
13051203;20
13051204;20
13051205;20
130521;100
130522;100
130524;100
130525;100
13060700;20
13060701;20
13060702;20
13060703;20
13060704;20
13060705;20
13060706;20
13061200;20
13061201;20
13061202;20
13061203;20
13061204;20
13061205;20
13061206;20
130721;100
130722;100
130725;100
1310321;100
1320421;20
1320422;20
1320423;20
1320424;20
1320425;20
1320426;20
1321021;20
1321022;20
1321023;20
1321024;20
1321025;20
1330421;20
1330422;20
1330423;20
1330424;20
1330425;20
1330426;20
1331021;20
1331022;20
1331023;20
1331024;20
1331025;20
1331026;20
1340221;15
1340222;15
1340223;15
1340224;15
1340225;15
1340226;15 / 25
1340421;15 / 20
1340422;15
1340423;15 / 20
1340424;15 / 20
1340425;15 / 25
1340426;15 / 25
1340821;15 / 25
1340822;15
1340823;15
1340824;15
1340825;15
1340826;15
1350421;10
1350422;10
1350423;10
1350424;10
1350425;10
1350426;10
1360221;25
1360222;25
1360223;25
1360225;25
1360520;24
1360521;24
1360522;24
1360523;24
1360524;24
1360525;24
1360526;24
1360821;25
1360822;25
1360825;25
1360921;25
1360922;25
1360923;25
1360924;25
1360925;25
1370421;20
1370422;20
1370423;20
1370424;20
1370425;20
1370426;20
1380520;24
1380521;24
1380522;24
1380523;24
1380524;24
1380525;24
1380526;24
1390420;20
1390421;20
1390422;20
1390423;20
1390424;20
1390425;20
14000400;30
14000401;30
14000402;30
14000403;30
14000404;30
14000405;30
14000406;30
14000800;30
14000801;30
14000802;30
14000803;30
14000804;30
14000805;30
14000806;30
1400421;20
1400422;20
1400423;20
1400424;20
1400425;20
1400426;20
1410822;100
1410823;100
1410824;100
1410825;100
1411021;100
1411022;100
1411023;100
1411024;100
1411025;100
1420822;100
1420823;100
1420824;100
1420825;100
1421022;100
1421023;100
1421024;100
1421025;100
1431024;100
1441022;100
1441023;100
1441024;100
1460622;100
1461022;100
1473141;20
1473142;20
1473143;20
1473144;20
1473145;20
1473146;20
1473241;20
1473242;20
1473243;20
1473244;20
1473245;20
1473246;20
1480251;40
1480252;40
1480253;40
1480254;40
1480255;40
1480256;40
1480451;40
1480452;40
1480453;40
1480454;40
1480455;40
1480456;40
1480951;40
1480952;40
1480953;40
1480954;40
1480955;40
1480956;40
1490250;40
1490251;40
1490252;40
1490253;40
1490254;40
1490255;40
1490450;40
1490451;40
1490452;40
1490453;40
1490454;40
1490455;40
1490950;40
1490951;40
1490952;40
1490953;40
1490954;40
15000500;40
15000501;40
15000502;40
15000503;40
15000504;40
15000505;40
15002000;40
15002001;40
15002002;40
15002003;40
15002004;40
15002005;40
15002700;40
15002701;40
15002702;40
15002703;40
15002704;40
15002705;40
1500438;30
1500440;30
1500442;30
1500444;30
1500446;30
1500448;30
1500450;30
1500452;30
1500454;30
1500456;30
1500458;30
1500460;30
15013400;50
15013401;50
15013402;50
15013403;50
15013404;50
15013405;50
15013406;50
15014000;50
15014001;50
15014002;50
15014003;50
15014004;50
15014005;50
15014006;50
15023400;50
15023401;50
15023402;50
15023403;50
15023404;50
15023405;50
15023406;50
15024000;50
15024001;50
15024002;50
15024003;50
15024004;50
15024005;50
15024006;50
15030500;40
15030501;40
15030502;40
15030503;40
15030504;40
15030506;40
15032000;40
15032001;40
15032002;40
15032003;40
15032004;40
15032005;40
15032006;40
15032700;40
15032701;40
15032702;40
15032703;40
15032704;40
15032705;40
15032706;40
15043400;50
15043401;50
15043402;50
15043403;50
15043404;50
15043405;50
15043406;50
15044000;50
15044001;50
15044002;50
15044003;50
15044004;50
15044005;50
15044006;50
15053400;50
15053401;50
15053402;50
15053403;50
15053404;50
15053405;50
15053406;50
15054000;50
15054001;50
15054002;50
15054003;50
15054004;50
15054005;50
15054006;50
1510436;30
1510438;30
1510440;30
1510442;30
1510444;30
1510446;30
1510448;30
1510450;30
1510452;30
1510454;30
1520438;30
1520440;30
1520442;30
1520444;30
1520446;30
1520448;30
1520450;30
1520452;30
1520456;30
1520458;30
1520460;30
1543421;20
1543422;20
1543423;20
1543424;20
1543425;20
1543426;20
1544021;20
1544022;20
1544023;20
1544024;20
1544025;20
1544026;20
16000501;12
16000503;12
16000505;12 / 20
1600121;50
1600122;50
1600123;50
1600124;50
1600125;50
1600126;50
1600421;50
1600422;50
1600423;50
1600424;50
1600425;50
1600426;50
1600721;50
1600723;50
1600725;50
16010502;12
16010504;12
16010507;12
160121;100
160122;100
160123;100
160124;100
160125;100
160321;100
160322;100
160621;100
160622;100
160623;100
160624;100
160625;100
161021;100
161022;100
161023;100
17000200;40
17000201;40
17000202;40
17000203;40
17000204;40
17000205;40
1700121;50
1700122;50
1700123;50
1700124;50
1700125;50
1700126;50
17003500;40
17003501;40
17003502;40
17003503;40
17003504;40
17003505;40
1700421;50
1700422;50
1700423;50
1700424;50
1700425;50
1700426;20 / 50
1700721;50
1700722;50
1700723;50
1700724;50
1700725;30
17010200;40
17010201;40
17010202;40
17010203;40
17010204;40
17010205;40
17010206;40
170123;100
17013500;40
17013501;40
17013502;40
17013503;40
17013504;40
17013505;40
17013506;40
17020700;40
17020701;40
17020702;40
17020703;40
17020704;40
17020705;40
17020900;40
17020901;40
17020902;40
17020903;40
17020904;40
17020905;40
17030700;40
17030701;40
17030702;40
17030703;40
17030704;40
17030705;40
17030706;40
17030900;40
17030901;40
17030902;40
17030903;40
17030904;40
17030905;40
17030906;40
170321;100
170322;100
170522;100
170523;100
170524;100
170621;100
170622;100
170623;100
170624;100
170721;100
170722;100
170723;100
170724;100
171021;100
171022;100
171023;100
171024;100
1780240;30
1780242;30
1780244;30
1780246;30
1780248;30
1780250;30
1780252;30
1780254;30
1780256;30
1780258;30
1780260;30
1780440;30
1780442;30
1780444;30
1780446;30
1780448;30
1780450;30
1780452;30
1780454;30
1780456;30
1780458;30
1780460;30
1780540;30
1780542;30
1780544;30
1780546;30
1780548;30
1780550;30
1780552;30
1780554;30
1780556;30
1780558;30
1780560;30
1780940;30
1780942;30
1780944;30
1780946;30
1780948;30
1780950;30
1780952;30
1780954;30
1780956;30
1780958;30
1780960;30
1790236;30
1790238;30
1790240;30
1790242;30
1790244;30
1790246;30
1790248;30
1790250;30
1790252;30
1790254;30
1790436;30
1790438;30
1790440;30
1790442;30
1790444;30
1790446;30
1790448;30
1790450;30
1790452;30
1790454;30
1790536;30
1790538;30
1790540;30
1790542;30
1790544;30
1790546;30
1790548;30
1790550;30
1790552;30
1790936;30
1790938;30
1790940;30
1790942;30
1790944;30
1790946;30
1790948;30
1790950;30 / 100000
1790952;30
1790954;30
18000500;20
18000501;20
18000502;20
18000503;20
18000504;20
18000505;20
1800240;30
1800242;30
1800244;30
1800246;30
1800248;30 / 40
1800250;30
1800252;30
1800254;30
1800256;30
1800258;30
1800260;30
18004300;20
18004301;20
18004302;20
18004303;20
18004304;20
18004305;20
1800440;30
1800442;30
1800444;30
1800446;30
1800448;30
1800450;30
1800452;30
1800454;30
1800456;30
1800458;30
1800460;30
1800540;30
1800542;30
1800544;30
1800546;30
1800548;30
1800550;30
1800552;30
1800554;30
1800556;30
1800558;30
1800560;30
1800940;30
1800942;30
1800944;30
1800946;30
1800948;30
1800950;30
1800952;30
1800954;30
1800956;30
1800958;30
1800960;30
18010500;20
18010501;20
18010502;20
18010503;20
18010504;20
18010505;20
18010506;20
180122;100
180123;100
180124;100
18014300;20
18014301;20
18014302;20
18014303;20
18014304;20
18014305;20
18014306;20
18020400;30
18020401;30
18020402;20 / 30
18020403;20 / 30
18020404;30
18020405;30
18021400;30
18021401;30
18021402;30
18021403;30
18021404;30
18021405;30
18030400;30
18030401;30
18030402;30
18030403;30
18030404;30
18030405;30
18030406;30
18031400;30
18031401;30
18031402;30
18031403;30
18031404;30
18031405;30
18031406;30
180321;100
180322;100
180323;100
180324;100
180325;100
180521;100
180522;100
180524;100
180525;100
180621;100
180623;100
180625;100
18065000;25
18065001;25
18065002;25
18065003;25
18065004;25
18065005;25
18065006;25
18065100;25
18065101;25
18065102;25
18065103;25
18065104;25
18065105;25
18065106;25
18070200;20
18070201;20
18070202;20
18070203;20
18070204;20
18070205;20
18070500;20
18070501;20
18070502;20
18070503;20
18070504;20
18070505;20
180721;100
180722;100
180724;100
18080200;20
18080201;20
18080202;20
18080203;20
18080204;20
18080205;20
18080500;20
18080501;20
18080502;20
18080503;20
18080504;20
18080505;20
18080506;20
18090200;20
18090201;20
18090202;20
18090203;20
18090204;20
18090205;20
18091900;10
18091901;20
18091902;20
18091903;10 / 20
18091904;10 / 20
18091905;20
18100200;20
18100201;20
18100202;20
18100203;20
18100204;20
18100205;20
18100206;20
18101900;20
18101901;20
18101902;10 / 20
18101903;10 / 20
18101904;10 / 20
18101905;10 / 20
18101906;20
181021;100
181024;100
1810240;30
1810244;30
1810246;30
181025;100
1810252;30
1810258;30
1810260;30
1810440;30
1810442;30
1810454;30
1810456;30
1810460;30
1810542;30
1810948;30
1810952;30
1810954;30
1810956;30
1810958;30
1810960;30
18111500;20
18111501;20
18111502;20
18111503;20
18111504;20
18111505;20
18113500;20
18113501;20
18113502;20
18113503;20
18113504;20
18113505;20
18121500;20
18121501;20
18121502;20
18121503;20
18121504;20
18121505;20
18121506;20
18123500;20
18123501;20
18123502;20
18123503;20
18123504;20
18123505;20
18123506;20
1820221;40
1820222;40
1820223;40
1820224;40
1820225;40
1820226;40
1820521;40
1820522;40
1820523;40
1820524;40
1820525;40
1820821;40
1820822;40
1820823;40
1820824;40
1820825;40
1820826;40
1820921;40
1820922;40
1820923;40
1820924;40
1820925;40
1820926;40
1830220;40
1830221;40
1830222;40
1830223;40
1830224;40
1830225;40
1830520;40
1830521;40
1830522;40
1830523;40
1830524;40
1830820;40
1830821;40
1830822;40
1830823;40
1830824;40
1830825;30 / 40
1830920;40
1830921;40
1830922;40
1830923;40
1830924;40
1830925;30 / 40
1840461;20
1840462;20
1840463;20
1840464;20
1840465;20
1840466;20
1840467;20
1841461;20
1841462;20
1841463;20
1841464;20
1841465;20
1841466;20
1850240;30
1850242;30
1850244;30
1850246;30
1850248;30
1850250;30
1850252;30
1850254;30
1850256;30
1850258;30
1850260;30
1850440;30
1850442;30
1850444;30
1850446;30
1850448;30
1850450;30
1850452;30
1850454;30
1850456;30
1850458;30
1850460;30
1850540;30
1850542;30
1850544;30
1850546;30
1850548;30
1850550;30
1850552;30
1850554;30
1850556;30
1850558;30
1850560;30
1850940;30
1850942;30
1850944;30
1850946;30
1850948;30
1850950;30
1850952;30
1850954;30
1850956;30
1850958;30
1850960;30
1860436;30
1860440;30
1860450;30
1860536;30
1860538;30
1860540;30
1860542;30
1860548;30
1860552;30
1870244;30
1870444;30
1870446;30
1870546;30
1870942;30
1870950;30
1870954;30
1870956;30
1880440;30
1880442;30
1880444;30
1880446;30
1880448;30
1880450;30
1880452;30
1880454;30
1880940;30
1880942;30
1880944;30
1880946;30
1880948;30
1880950;30
1880952;30
1891451;40
1891452;40
1891453;40
1891454;40
1891455;40
1891456;40
1893551;40
1893552;40
1893554;40
1893555;40
19003400;15
19003401;15
19003402;15
19003403;15
19003404;15
19003405;15
19003406;15
19004000;15
19004001;15
19004002;15
19004003;15
19004004;15
19004005;15
19004006;15
1900536;30
1900538;30
1900544;30
1900936;30
1900938;30
190121;100
190122;100
190123;100
190124;100
1901450;40
1901451;40
1901452;40
1901453;40
1901454;40
190321;100
190322;100
190323;100
190324;100
1903550;40
1903551;40
1903552;40
1903553;40
1903554;40
190521;100
190522;100
190523;100
190524;100
190621;100
190622;100
190623;100
190624;100
190625;100
190721;100
190722;100
190723;100
190724;100
191021;100
191022;100
191023;100
191024;100
1910436;30
1910440;30
1910536;30
1910538;30
1910544;30
1910546;30
1910548;30
1910936;30
1910948;30
1910954;30
1920436;30
1920450;30
1920452;30
1920536;30
1920538;30
1920540;30
1920542;30
1920544;30
1920546;30
1920550;30
1920936;30
1920938;30
1920948;30
1950436;30
1950442;30
1950444;30
1950446;30
1950452;30
1950454;30
1950536;30
1950538;30
1950540;30
1950542;30
1950544;30
1950548;30
1950552;30
1960521;25
1960522;25
1960523;25
1960524;25
1960525;25
1960526;25
1960921;30
1960922;30
1960923;30
1960924;30
1960925;30
1960926;30
1961421;25
1961422;25
1961423;25
1961424;25
1961425;25
1961426;25
1970051;100
1971051;10000000
1972051;10000000
1980461;20
1980462;20
1980463;20
1980464;20
1980465;20
1980466;20
1980561;20
1980562;20
1980563;20
1980564;20
1980565;20
1980566;20
1984761;20
1984762;20
1984763;20
1984764;20
1984765;20
1984766;20
1991421;20
1991422;20
1991423;20
1991424;20
1991425;20
1994221;20
1994222;20
1994223;20
1994224;20
1994225;20
1994226;20
1994265;20
200;100
2000421;10
2000422;10
2000423;10
2000424;10
2000425;10
2000426;10
2000623;10
200111;50
200112;50
200113;50
200114;50
200115;50
200116;50
200117;50
200121;50
200122;50
200123;50
200124;50
200125;50
200126;50
200127;50
200211;50
200212;50
200213;50
200214;50
200215;50
200216;50
200217;50
200221;50
200222;50
200223;50
200224;50
200225;50
200226;50
200227;50
200311;50
200312;50
200313;50
200314;50
200315;50
200316;50
200317;50
200321;50
200322;50
200323;50
200324;50
200325;50
200326;50
200327;50
200411;50
200412;50
200413;50
200414;50
200415;50
200416;50
200417;50
200421;50
200422;50
200423;50
200424;50
200425;50
200426;50
200427;50
200511;50
200512;50
200513;50
200514;50
200515;50
200516;50
200517;50
200521;50
200522;50
200523;50
200524;50
200525;50
200526;50
200527;50
200621;50
200622;50
200623;50
200624;50
200625;50
200626;50
200711;50
200712;50
200713;50
200714;50
200715;50
200716;50
200721;50
200722;50
200723;50
200724;50
200725;50
200726;50
200811;50
200812;50
200813;50
200814;50
200815;50
200816;50
200821;50
200822;50
200823;50
200824;50
200825;50
200826;50
200921;50
200922;50
200923;50
200924;50
200925;50
201021;50
201022;50
201023;50
201024;50
201025;50
201026;50
201121;50
201122;50
201123;50
201124;50
201125;50
201126;50
201221;50
201222;50
201223;50
201224;50
201225;50
2013141;10
2013142;10
2013143;10
2013144;10
2013145;10
2013146;10
2013241;10
2013242;10
2013243;10
2013244;10
2013245;10
2013246;10
201421;50
201422;50
201423;50
201424;50
201425;50
201621;50
201623;50
201921;50
201922;50
201923;50
201924;50
201925;50
201926;50 / 100000
202221;50
202222;50
202223;50
202224;50
202225;50
2023240;10
2023241;10
2023242;10
2023243;10
202425;50
203;20
2030520;24
2030521;24
2030522;24
2030523;24
2030524;24
2030525;24
2030526;24
2043421;10
2043422;10
2043423;10
2043424;10
2043425;10
2043426;10
2043754;10
2044021;10
2044022;10
2044023;10
2044024;10
2044025;10
2044026;10
2044954;10
2070420;20
2070421;20
2070422;20
2070423;20
2070424;20
2070425;20
2070426;20
2070427;20
2071420;20
2071421;20
2071422;20
2071423;20
2071424;20
2071425;20
2071426;20
2071427;20
2080421;20
2080422;20
2080423;20
2080424;20
2080425;20
2080426;20
2080427;20
2081420;20
2081421;20
2081422;20
2081423;20
2081424;20
2081425;20
2081426;20
2081427;20
2093310;10
2093312;10
2093313;10
2093316;10
210111;50
210112;50
210113;50
210114;50
210115;50
210116;50
210117;50
210121;50
210122;50
210123;50
210124;50
210125;50
210126;50
210127;50
210211;50
210212;50
210213;50
210214;50
210215;50
210216;50
210217;50
210221;50
210222;50
210223;50
210224;50
210225;50
210226;50
210227;50
210311;50
210312;50
2103121;10
2103122;10
2103123;10
2103124;10
2103125;10
2103126;10
210313;50
210314;50
210315;50
210316;50
210317;50
210321;50
210322;50
2103221;10
2103222;10
2103223;10
2103224;10
2103225;10
2103226;10
210323;50
210324;50
210325;50
210326;50
210327;50
210411;50
210412;50
210413;50
210414;50
210415;50
210416;50
210417;50
210421;50
210422;50
210423;50
210424;50
210425;50
210426;50
210427;50
210511;50
210512;50
210513;50
210514;50
210515;50
210516;50
210517;50
210521;50
210522;50
210523;50
210524;50
210525;50
210526;50
210527;50
210621;50
210622;50
210623;50
210624;50
210625;50
210626;50
210711;50
210712;50
210713;50
210714;50
210715;50
210716;50
210721;50
210722;50
210723;50
210724;50
210725;50
210726;50
210811;50
210812;50
210813;50
210814;50
210815;50
210816;50
210821;50
210822;50
210823;50
210824;50
210825;50
210826;50
210921;50
210922;50
210923;50
210924;50
210925;50
210926;50
211021;50
211022;50
211023;50
211024;50
211025;50
211026;50
211121;50
211122;50
211123;50
211124;50
211125;50
211126;50
211221;50
211222;50
211223;50
211224;50
211225;50
211226;50
211421;50
211422;50
211423;50
211424;50
211425;50
211426;50
2134020;20
2134021;20 / 40
2134022;20
2134023;20
2134024;20
2134025;20
2134026;20
2134027;20
2140420;40
2140421;40
2140422;40
2140423;40
2140424;40
2140425;40
2140426;40
2140427;40
2141020;40
2141021;40
2141022;40 / 120
2141023;40
2141024;40 / 120
2141025;40
2141026;40
2141027;40
22001;100
22005;100
22101;100
22105;100
22201;50
22205;50
22305;50
223121;100
223122;100
223123;100
223124;100
223125;100
223221;100
223222;100
223223;100
223224;100
223225;100
223226;100
22436;50
22501;50
22505;50
2260160;10 / 40
2260161;40
2260162;40
2260163;40
2260164;40
2260165;40
2260166;40
2260560;10
2260561;40
2260562;40
2260563;40
2260564;40
2260565;40
2260566;40
2273650;10 / 50
2273651;40 / 50
2273652;40 / 50
2273653;50
2273654;40 / 50
2273655;50
2273656;50
2280550;50
2280551;50
2280552;50
2280553;50
2280554;50
2290160;40 / 50
2290161;40
2290162;40
2290163;40
2290164;40 / 50
2290165;40
2290166;50
2290560;50
2290561;50
2290562;40
2290563;50
2290564;50
2290565;50
2290566;40 / 50
2303121;10
2303122;10
2303123;10
2303124;10
2303125;10
2303126;10
2303221;10
2303222;10
2303223;10
2303224;10
2303225;10
2303226;10
233121;50
233122;50
233123;50
233124;50
233125;50
233126;50
233221;50
233222;50
233223;50
233224;50
233225;50
233226;50
240125;50
240321;50
240322;50
240323;50
240324;50
240325;50
240326;50
240421;50
240422;50
240423;50
240424;50
240425;50
240426;50 / 100
240521;50
240522;50
240523;50
240524;50
240525;50
240526;100
240721;50
240722;50
240723;50
240724;50
240725;50
240726;50 / 100
241421;50
241422;50
241423;50
241424;50
241425;50
241426;50
250121;50
250122;50
250123;50
250124;50
250125;50
250321;50
250322;50
250323;50
250324;50
250325;50
250326;50
250421;50
250422;50
250423;50
250424;50
250425;50
250426;50
250521;50
250522;50
250523;50
250524;50
250525;50
250526;50
250721;50
250722;50
250723;50
250724;50
250725;50
250726;100
251421;50
251422;50
251423;50
251424;50
251425;50
251426;50
260124;50
260125;50
260321;50
260322;50
260323;50
260324;50
260325;50
260421;50
260422;50
260423;50
260424;50
260425;50
260522;50
260523;50
260524;50
260525;50
260721;50
260722;50
260723;50
260724;50
260725;50
260821;50
260822;50
260823;50
260824;50
260825;50
260826;50
261421;50
261422;50
261423;50
261424;50
270121;50
270122;50
270123;50
270124;50
270125;50
270321;50
270322;50
270323;50
270324;50
270325;50
270421;50
270422;50
270423;50
270424;50
270425;50
270521;50
270522;50
270523;50
270524;50
270525;50
270721;50
270722;50
270723;50
270724;50
270725;50
271421;50
271424;50
271425;50
280121;100
280122;100
280123;100
280124;100
280125;100
280321;100
280322;100
280323;100
280324;100
280325;100
280521;100
280522;100
280523;100
280524;100
280525;100
280721;100
280722;100
280723;100
280724;100
280725;100
283121;100
283122;100
283123;100
283124;100
283125;100
283221;100
283222;100
283223;100
283224;100
283225;100
290521;100
290522;100
290523;100
290524;100
290525;100
290526;100
293221;100
293222;100
293223;100
293224;100
293225;100
293226;100
300;100
300111;50
300112;50
300113;50
300114;50
300115;50
300116;50
300121;50
300122;50
300123;50
300124;50
300125;50
300126;50
300211;50
300212;50
300213;50
300214;50
300215;50
300216;50
300221;50
300222;50
300223;50
300224;50
300225;50
300226;50
300311;50
300312;50
300313;50
300314;50
300315;50
300316;50
300321;50
300322;50
300323;50
300324;50
300325;50
300326;50
300411;50
300412;50
300413;50
300414;50
300415;50
300416;50
300421;50
300422;50
300423;50
300424;50
300425;50
300426;50
300511;50
300512;50
300513;50
300514;50
300515;50
300516;50
300521;50
300522;50
300523;50
300524;50
300525;50
300526;50
300621;50
300622;50
300623;50
300624;50
300625;50
300711;50
300712;50
300713;50
300714;50
300715;50
300716;50
300721;50
300722;50
300723;50
300724;50
300725;50
300726;50
300811;50
300812;50
300813;50
300814;50
300815;50
300821;50
300822;50
300823;50
300824;50
300921;50
300922;50
300923;50
300924;50
300925;50
301021;50
301022;50
301023;50
301024;50
301025;50
301026;50
301121;50
301122;50
301123;50
301124;50
301125;50
301126;50
301221;50
301222;50
301223;50
301224;50
301225;50
301226;50
301321;50
301421;50
301422;50
301423;50
301424;50
301425;50
301621;50
301622;50
301623;50
301921;50
301922;50
301923;50
301924;50
302221;50
302222;50
302223;50
302224;50
310;100
310111;50
310112;50
310113;50
310114;50
310115;50
310116;50
310121;50
310122;50
310123;50
310124;50
310125;50
310126;50
310211;50
310212;50
310213;50
310214;50
310215;50
310216;50
310221;50
310222;50
310223;50
310224;50
310225;50
310226;50
310311;50
310312;50
310313;50
310314;50
310315;50
310316;50
310321;50
310322;50
310323;50
310324;50
310325;50
310326;50
310411;50
310412;50
310413;50
310414;50
310415;50
310416;50
310421;50
310422;50
310423;50
310424;50
310425;50
310426;50
310511;50
310512;50
310513;50
310514;50
310515;50
310516;50
310521;50
310522;50
310523;50
310524;50
310525;50
310526;50
310621;50
310622;50
310623;50
310624;50
310625;50
310711;50
310712;50
310713;50
310714;50
310715;50
310716;50
310721;50
310722;50
310723;50
310724;50
310725;50
310726;50
310811;50
310812;50
310813;50
310814;50
310815;50
310821;50
310822;50
310823;50
310824;50
310921;50
310922;50
310923;50
310924;50
311021;50
311022;50
311023;50
311024;50
311025;50
311113;50
311115;50
311121;50
311122;50
311123;50
311124;50
311221;50
311222;50
311223;50
311224;50
311225;50
311421;50
311422;50
311423;50
311424;50
311425;50
311621;50
311622;50
311623;50
312;100
330122;100
330123;100
330124;100
330125;100
330321;100
330322;100
330323;100
330324;100
330325;100
330521;100
330522;100
330523;100
330524;100
330525;100
330721;100
330722;100
330723;100
330724;100
333121;100
333122;100
333123;100
333124;100
333125;100
333221;100
333222;100
333223;100
333224;100
333225;100
370323;100
370522;100
370523;100
370524;100
370721;100
370722;100
370723;100
370724;100
371021;100
371023;100
372221;100
372222;100
372223;100
372224;100
4332;100
460221;50
460222;50
460223;50
460224;50
460225;50
460226;50
463521;50
463522;50
463523;50
463524;50
463525;50
463526;50
470221;50
470222;50
470223;50
470224;50
470225;50
470226;50
473521;50
473522;50 / 10000000
473523;50 / 10000000
473524;50 / 10000000
473525;50
473526;50
480221;48
480222;48
480223;48
480224;48
480225;48
481121;48
481122;48
481123;48
481124;48
481125;48
484421;48
484422;48
484423;48
484424;48
484425;48
490123;50
490221;50
490223;50
490224;50
490225;50
490921;50
490922;50
493823;50
500121;50
500122;50
500123;50
500124;50
500125;50
500126;50
500421;50
500422;50
500423;50
500424;50
500425;50
500426;50
500921;50
500922;50
500923;50
500924;50
500925;50
500926;50
503721;50
503722;50
503723;50
503724;50
503725;50
503726;50
503921;50
503922;50
503923;50
503924;50
503925;50
503926;50
510121;50
510122;50
510123;50
510124;50
510125;50
510126;50
510421;50
510422;50
510423;50
510424;50
510425;50
510426;50
510921;50
510922;50
510923;50
510924;50
510925;50
510926;50
513721;50
513722;50
513723;50
513724;50
513725;50
513726;50
513921;50
513922;50
513923;50
513924;50
513925;50
513926;50
520222;50
520224;50
520225;50
520924;50
530121;50
530122;50
530123;50
530124;50
530125;50
530126;50
530221;50
530222;50
530223;50
530224;50
530225;50
530226;50
530921;50
530922;50
530923;50
530924;50
530925;50
530926;50
534321;50
534322;50
534323;50
534324;50
534325;50
534326;50
540111;48
540112;48
540113;48
540114;48
540115;48
540116;48
540121;48
540122;48
540123;48
540124;48
540125;48
540126;48
540223;48
540224;48
540225;48
540226;48
540516;48
540521;48
540522;48
540523;48
540525;48
540526;48
540621;48
540622;48
540623;48
540624;48
540625;48
541111;48
541112;48
541113;48
541114;48
541115;48
541116;48
541121;48
541122;48
541123;48
541124;48
541125;48
541126;48
541621;48
541622;48
541623;48
541624;48
541625;48
541626;48
550111;48
550112;48
550113;48
550114;48
550115;48
550116;48
550121;48
550122;48
550123;48
550124;48
550125;48
550126;48
550221;48
550222;48
550223;48
550224;48
550225;48
550226;48
550521;48
550522;48
550523;48
550524;48
550525;48
550526;48
550621;48
550622;48
550624;48
550625;48
551111;48
551112;48
551113;48
551114;48
551115;48
551116;48
551121;48
551122;48
551123;48
551124;48
551125;48
551126;48
551621;48
551622;48
551623;48
551624;48
551625;48
560421;48
560422;48
560423;48
560424;48
560425;48
560426;48
570121;48
570122;48
570123;48
570124;48
570125;48
570221;48
570222;48
570224;48
570521;48
570522;48
570523;48
570524;48
570525;48
570526;48
570621;48
570622;48
570623;48
570624;48
571121;48
571122;48
571123;48
571124;48
571125;48
580121;48
580123;48
580124;48
580125;48
581121;48
581122;48
581124;48
581125;48
590120;50
590121;50
590122;50
590123;50
590124;50
590125;50
590126;50
590221;50
590222;50
590223;50
590224;50
590225;50
590226;50
590920;50
590921;50
590922;50
590923;50
590924;50
590925;50
590926;50
594321;50
594322;50
594323;50
594324;50
594325;50
594326;50
610140;30
610142;30
610143;30
610144;30
610145;30
610146;30
610240;30
610241;30
610242;30
610243;30
610244;30
610245;30
610246;30
610340;30
610341;30
610342;30
610343;30
610344;30
610345;30
610346;30
610440;30
610441;30
610442;30
610443;30
610444;30
610445;30
610446;30
610540;30
610541;30
610542;30
610543;30
610544;30
610545;30
610546;30
610740;30
610741;30
610742;30
610743;30
610744;30
610745;30
610746;30
610840;30
610841;30
610842;30
610843;30
610844;30
610845;30
610846;30
610940;30
620481;20
620482;20
620483;20
620484;20
620485;20
620486;20
620581;20
620582;20
620583;20
620584;20
620585;20
620586;20
621481;20
621482;20
621483;20
621484;20
621485;20
621486;20
623581;20
623582;20
623583;20
623584;20
623585;20
623586;20
624183;20
630481;20
630482;20
630483;20
630484;20
630485;20
630486;20
630581;20
630582;20
630583;20
630584;20
630585;20
630586;20
631481;20
631482;20
631483;20
631484;20
631485;20
631486;20
633581;20
633582;20
633583;20
633584;20
633585;20
633586;20
634182;20
640421;48
640422;48
640423;48
640424;48
640425;48
640426;48
670120;30
670121;30
670122;30
670123;30
670124;30
670125;20 / 30
670220;30
670221;30
670222;30
670223;30
670224;30
670225;30
670320;30
670321;30
670322;30
670323;30
670324;30
670325;30
670420;30
670421;30
670422;30
670423;30
670424;30
670425;30
670520;30
670521;30
670522;30
670523;30
670524;30
670525;30
670720;30
670721;30
670722;30
670723;30
670724;30
670725;30
671420;30
671421;30
671422;30
671423;30
671425;30
672125;30
683784;20
683983;20
683984;20
683985;20
684382;20
684383;20
684384;20
684385;20
693781;20
693782;20
693783;20
693784;20
693785;20
693981;20
693982;20
693983;20
693984;20
693985;20
694381;20
694382;20
694383;20
694384;20
694385;20
700;100
700445;20
710;100
710345;20
710740;20
710840;20
710841;20
720525;20
721024;20
730221;20
730222;20
730223;20
730224;20
730225;20
730226;20
730227;20
730321;20
730322;20
730323;20
730324;20
730325;20
730326;20
730327;20
730420;20
730421;20
730422;20
730423;20
730424;20
730425;20
730426;20
730427;20
730521;20
730522;20
730523;20
730524;20
730525;20
730526;20
730527;20
730721;20
730722;20
730723;20
730724;20
730725;20
730726;20
730727;20
730820;20
730821;20
730822;20
730823;20
730824;20
730825;20
730826;20
730827;20
730925;20
731024;20
740221;20
740222;20
740223;20
740224;20
740225;20
740226;20
740321;20
740322;20
740323;20
740324;20
740325;20
740326;20
740421;20
740422;20
740423;20
740424;20
740425;20
740426;20
740427;20
740521;20
740522;20
740523;20
740524;20
740525;20
740526;20
740721;20
740722;20
740723;20
740724;20
740725;20
740726;20
740821;20
740822;20
740823;20
740824;20
740825;20
740826;20
790461;20
790463;20
790464;20
790466;20
791461;20
791462;20
791464;20
791465;20
791466;20
800;100
800124;50
800320;50
800420;50
800524;50
800820;50
820220;20
820225;20
820321;20
820322;20
820323;20
820324;20
820325;20
820326;20 / 50
820420;20
820421;20
820422;20
820423;20
820424;20
820425;20
820426;50
820521;20
820522;20
820523;20
820524;20
820525;20
820526;20 / 50
820720;20
820721;20
820725;20
820821;20
820822;20
8300421;50
8300422;50
8300423;50
8300521;50
8300522;50
8300524;50
8300721;50
8300722;50
8300724;50
8301021;50
8301022;50
8301023;50
8301024;50
830320;50
830321;50
830322;50
830323;50
830324;50
830325;50
830326;50
830420;50
830421;50
830422;50
830423;50
830424;50
830425;50
830426;50
830520;50
830521;50
830522;50
830523;50
830524;50
830525;50
830526;50
830620;50
830621;50
830720;50
830721;50
830722;50
830723;50
830724;50
830725;50
830726;50
831020;50
831021;50
831022;50
831023;50
831024;50
831025;50
831220;50
831221;50
831222;50
831223;50
831225;50
831422;50
831424;50
833221;50
833222;50
833224;50
840223;20
840520;20
840521;20
840522;20
840523;20
840524;20
840525;20
840526;20
841221;20
841223;20
842521;20
842621;20
842623;20
843521;20
843522;20
843523;20
849220;20
849221;20
849222;20
849223;20
849224;20
850521;20
850522;20
850523;20
850524;20
850525;20
850526;20
8900421;15
8900422;15
8900423;15
8900424;15
8900425;15
8900426;15
8900521;15
8900522;15
8900523;15
8900524;15
8900525;15
8900526;15
8900722;15
8900723;15
8900724;15
8900725;15
8901421;15
8901422;15
8901423;15
8901424;15
8901425;15
8901426;15
9000421;15
9000422;15
9000424;15
9000425;15
9000426;15
9000521;15
9000522;15
9000523;15
9000524;15
9000525;15
9000526;15
9000721;15
9000722;15
9001;150
9001421;15
9001422;15
9001423;15
9001424;15
9001425;15
9001426;15
9002;150
9003;150
9004;150
900425;15
9005;150
900525;15
9007;150
9008;150
9009;150
9010;150
925224;10
927222;10
9303;150
9304;150
930421;10
930422;10
930423;10
930424;10
930425;10
930426;10
930521;10
930522;10
930523;10
930524;10
930525;10
930526;10
9307;150
9309;150
9310;150
9331;150
9332;150
934221;10
934225;10
935225;10
9404;150
940421;10
940422;10
940423;10
940424;10
940425;10
940426;10
940521;10
940522;10
940523;10
940524;10
940525;10
940526;10 / 100000
9409;150
945222;10
945224;10
9501;150
9502;150
9503;150
950321;10
950322;10
950323;10
950324;10
950325;10
950326;10
9504;150
950421;10
950422;10
950423;10
950424;10
950425;10
950426;10
9505;150
950521;10
950522;10
950523;10
950524;10
950525;10
950526;10
9506;150
9507;150
9508;150
9509;150
9510;150
960421;20
960422;20
960423;20
960424;20
960425;20
960426;20
960521;20
960522;20
960523;20
960524;20
960525;20
960526;20
970421;20
970422;20
970423;20
970424;20
970425;20
970426;20
970521;20
970522;20
970523;20
970524;20
970525;20
970526;20
983120;20
983121;20
983122;20
983123;20
983124;20
983125;20
983220;20
983221;20
983222;20
983223;20
983224;20
990421;10
990422;10
990423;10
991424;10
991425;10
993821;10
993824;10
993825;10
CAZ1220200;25
CAZ1220201;100000
CAZ1220202;100000
CAZ1220203;100000
CAZ1220204;100000
CAZ1220205;100000
CAZ1220206;100000
CAZ1220207;100000
CAZ1220208;100000
CM1390420;20
CM1390421;10000000
CM1390422;20
CM1390423;10000000
CM1390424;10000000
CM1390425;10000000
CM1390426;10000000
CM1390427;10000000
CM1390428;10000000
CM1510436;30
CM1510438;30
CM1510440;30
CM1510442;30
CM1510444;30
CM1510446;30
CM1510448;30
CM1510450;30
CM1510452;30
CM1510454;30
CM1510456;10000000
CM1510458;10000000
CM1520438;30
CM1520440;30
CM1520442;30
CM1520444;30 / 100000
CM1520446;30 / 100000
CM1520448;30 / 100000
CM1520450;30
CM1520452;30
CM1520454;30
CM1520456;30
CM1520458;30
CM1520460;30
CM2000421;10000000
CM2000422;10000000
CM2000423;10000000
CM2000424;10000000
CM2000425;10000000
CM2000426;10000000
CM2000427;10000000
CM2000428;10000000
CM250420;50
CM250421;50
CM250422;50
CM250423;50
CM250424;50
CM250425;50
CM250426;50
CM250427;50
CM250428;50
CT1022;50
CT20052;100
CT20053;100
CT3022;50 / 100
CT3023;100
J10121;100
J10122;100
J10141;100
J10143;100
J10241;100
J10242;100
J10243;100
J10321;100
J10342;100
J10343;100
J10442;100
J10443;100
J10521;100
J10522;100
J10541;100
J10542;100
J10543;100
J10621;100
J10622;100
J10623;100
J10641;100
J10642;100
J10643;100
J10721;100
J10723;100
J10741;100
J10742;100
J10743;100
J11021;100
J11022;100
J11041;100
J11042;100
J11043;100
J11221;100
J11222;100
J11242;100
J11722;100
J11723;100
J11922;100
J11923;100
J12123;100
J12222;100
J12223;100
J12421;100
J12422;100
J12423;100
J12522;100
M01036;10
M01037;10
M01038;10
M01039;10
M01040;10
M01041;10
M01042;10
M01043;10
M01044;10
M01045;10
M02036;10
M02037;10
M02038;10
M02039;10
M02040;10
M02041;10
M02042;10
M02043;10
M02044;10
M02045;10
M02046;10
NP-540121;48
NP-540122;48
NP-540123;48
NP-540124;48
NP-540125;48
NP-540126;48
NP-540221;48
NP-540222;48
NP-540223;48
NP-540224;48
NP-540225;48
NP-540226;48
NP-540511;48
NP-540512;48
NP-540513;48
NP-540514;48
NP-540521;48
NP-540522;48
NP-540523;48
NP-540524;48
NP-540525;48
NP-540526;48
NP-541121;48
NP-541122;48
NP-541123;48
NP-541124;48
NP-541125;48
NP-541126;48
NP-550111;48
NP-550112;48
NP-550113;48
NP-550114;48
NP-550115;48
NP-550116;48
NP-550121;48
NP-550122;48
NP-550123;48
NP-550124;48
NP-550125;48
NP-550126;48
NP-550221;48
NP-550222;48
NP-550223;48
NP-550224;48
NP-550225;48
NP-550226;48
NP-550521;48
NP-550522;48
NP-550523;48
NP-550524;48
NP-550525;48
NP-550526;48
NP-551111;48
NP-551112;48
NP-551113;48
NP-551114;48
NP-551115;48
NP-551121;48
NP-551122;48
NP-551123;48
NP-551124;48
NP-551125;48
NP-551126;48
NP-560421;48
NP-560422;48
NP-560423;48
NP-560424;48
NP-560425;48
NP-560426;48
NP-570521;48
NP-570522;48
NP-570523;48
NP-570524;48
NP-570525;48
NP-570526;48
NP-640421;48
NP-640422;48
NP-640423;48
NP-640424;48
NP-640425;48
NP-9001;150
NP-9002;150
NP-9003;150
NP-9004;150
NP-9005;150
NP-9007;150
NP-9009;150
NP-9304;150
NP-9308;150
NP-9309;150
NP-9331;150
NP-9332;150
NP-9404;150
NP-9408;150
NP-9409;150
NP-9501;150
NP-9503;150
NP-9504;150
NP-9505;150
OF1380520;36
OF1380523;20
OF1380524;36
OF1380525;36
OF2103124;10
OF2103125;10
OF2103126;10
OF300221;50
OF300222;50
OF300223;50
OF300224;50
P0100537;200
P0100538;200
P0100539;200
P0100540;200
P0100543;200
PROBL_SLACK;15
REX-1060520;100000
REX-1060521;100000
REX-1060522;100000
REX-1060523;100000
REX-1060524;100000
REX-1060525;100000
REX-1060526;100000
REX-1070520;100000
REX-1070521;100000
REX-1070522;100000
REX-1070523;100000
REX-1070524;100000
REX-1070525;100000
REX-1070526;100000
RIP1220323;50
SOD-1390420;10
SOD-1390421;10
SOD-1390422;10
SOD-1390423;100000
SOD-1390424;100000
SOD-1390425;100000
SOD-1390426;100000
SOD-2000420;10
SOD-2000421;10
SOD-2000422;10
SOD-2000423;10
SOD-2000424;10
SOD-2000425;10
SOD-2000426;10
SOD-2000427;10
SOD-730220;20
SOD-730221;20
SOD-730222;20
SOD-730223;20
SOD-730224;20
SOD-730225;20
SOD-730226;20
SOD-730227;20
SOD-740220;20
SOD-740221;20
SOD-740222;20
SOD-740223;20
SOD-740224;20
SOD-740225;20
SOD-740226;20
SOD-740227;20
SOD-CUELLO;200
SOD-GORRO;200
SOD1510434;30
SOD1510436;30
SOD1510438;30
SOD1510440;30
SOD1510442;30
SOD1510444;30
SOD1510446;30
SOD1510448;30
SOD1510450;30
SOD1510452;30
SOD1510454;30
SOD1510456;30
SOD1510458;30
SOD1510460;30
SOD1510462;30
SOD1510464;30
SOD1520434;30
SOD1520436;30
SOD1520438;30
SOD1520440;30
SOD1520442;30
SOD1520444;30
SOD1520446;30
SOD1520448;30
SOD1520450;30
SOD1520452;30
SOD1520454;30
SOD1520456;30
SOD1520458;30
SOD1520460;30
SOD1520462;30
SOD1520464;30
SOD200210;50
SOD200211;50
SOD200212;50
SOD200213;50
SOD200214;50
SOD200215;50
SOD200216;50
SOD200217;50
SOD210210;50
SOD210211;50
SOD210212;50
SOD210213;50
SOD210214;50
SOD210215;50
SOD210216;50
SOD210217;50
SOD22MC320;50
SOD22MC321;100000
SOD22MC322;100000
SOD22MC323;100000
SOD22MC324;100000
SOD22MC325;100000
SOD22MC326;100000
SOD22MC327;100000
SOD22ML320;100000
SOD22ML321;100000
SOD22ML322;100000
SOD22ML323;100000
SOD22ML324;100000
SOD22ML325;100000
SOD22ML326;100000
SOD22ML327;100000
SOD300211;50
SOD300212;50
SOD300213;50
SOD300214;50
SOD300215;50
SOD300216;50
SOD300217;50
SOD310210;50
SOD310211;50
SOD310212;50
SOD310213;50
SOD310214;50
SOD310215;50
SOD310216;50
SOD310217;50
SOD_CD1510436;30
SOD_CD1510438;30
SOD_CD1510440;30
SOD_CD1510442;30
SOD_CD1510444;30
SOD_CD1510446;30
SOD_CD1510448;30
SOD_CD1510450;30
SOD_CD1510452;30
SOD_CD1510454;30
SOD_CD1510458;30
SOD_CD1520436;30
SOD_CD1520440;30
SOD_CD1520442;30
SOD_CD1520444;30
SOD_CD1520446;30
SOD_CD1520448;30
SOD_CD1520450;30
SOD_CD1520452;30
SOD_CD1520454;30
SOD_CD1520456;30
SOD_CD1520458;30
SOD_CD1520460;30
T03036;10
T03038;10
T03039;10
T03040;10
T03041;10
T03043;10
T03046;10
T03137;10
T03138;10
T03139;10
T03140;10
T03141;10
T03142;10
T03143;10
T03144;10
T03145;10
T03146;10
X01036;10
X01037;10
X01038;10
X01039;10
X01040;10
X01044;10
X01046;10
X01135;10
X01136;10
X01137;10
X01138;10
X01139;10
X01140;10
X01141;10
X01142;10
X01143;10
X01144;10
X01145;10
X01146;10
